Description,Word No.,Valence Mean,Valence SD,Arousal Mean,Arousal SD,Dominance Mean,Dominance SD,Word Frequency
grin,773,0.812417437,1.87,0.498269896,2.64,0.664884135,1.86,13
honest,210,0.852047556,1.43,0.506920415,1.92,0.707664884,2.13,47
gripe,774,0.249669749,1.56,0.451557093,2.19,0.427807487,1.79,.
honey,792,0.723910172,1.7,0.366782007,2.25,0.565062389,1.47,25
guillotine,196,0.162483487,2.11,0.721453287,2.54,0.422459893,2.63,.
honor,211,0.84676354,1.24,0.607266436,1.83,0.789661319,2.04,66
guilty,197,0.182298547,1.98,0.631487889,2.76,0.146167558,2.22,29
hooker,793,0.276089828,2.31,0.439446367,2.82,0.438502674,2.48,.
gun,593,0.29326288,2.48,0.801038062,1.84,0.22459893,2.72,118
hope,794,0.766182299,1.96,0.527681661,2.47,0.579322638,2.2,178
gymnast,515,0.673712021,1.79,0.455017301,2.2,0.541889483,1.79,1
hopeful,212,0.772787318,1.46,0.58650519,2.09,0.559714795,1.92,12
habit,775,0.377807133,1.77,0.269896194,2.11,0.361853832,1.79,23
horror,213,0.199471598,2.25,0.833910035,2.14,0.420677362,2.7,17
hairdryer,561,0.474240423,0.84,0.228373702,1.75,0.588235294,1.27,.
horse,214,0.612945839,1.55,0.259515571,2.17,0.427807487,1.6,117
hairpin,776,0.529722589,1.45,0.152249135,2.41,0.495543672,1.32,1
hospital,215,0.500660502,2.45,0.621107266,2.54,0.431372549,2.16,110
hamburger,777,0.663143989,1.5,0.373702422,2.14,0.543672014,1.21,6
hostage,216,0.125495376,1.8,0.756055363,2.63,0.099821747,2.32,2
hammer,198,0.479524439,1.16,0.378892734,2.02,0.442067736,1.88,9
hostile,217,0.195508587,1.5,0.700692042,2.28,0.459893048,2.58,19
hand,778,0.620871863,1.38,0.347750865,2.07,0.549019608,1.49,431
hotel,795,0.627476882,1.77,0.416955017,2.53,0.50802139,1.84,126
handicap,779,0.269484808,1.69,0.24567474,2.27,0.308377897,2.24,6
house,563,0.793923382,1.72,0.375432526,2.41,0.679144385,2.12,591
handsome,199,0.882430647,1.47,0.615916955,2.73,0.520499109,2.22,40
hug,218,0.891677675,1.55,0.512110727,2.76,0.62745098,2.41,3
haphazard,780,0.365918098,1.41,0.290657439,2.18,0.360071301,1.67,2
humane,796,0.745046235,1.7,0.365051903,1.91,0.6114082,1.91,5
happy,200,0.919418758,1.82,0.709342561,2.77,0.777183601,2.43,98
humble,219,0.608982827,1.42,0.233564014,2.33,0.443850267,2.25,18
hard,781,0.524438573,1.82,0.472318339,2.19,0.591800357,1.63,202
humiliate,797,0.130779392,1.34,0.648788927,2.42,0.058823529,1.94,.
hardship,782,0.158520476,1.61,0.410034602,2.55,0.347593583,2.4,9
humor,220,0.965653897,0.81,0.538062284,2.91,0.679144385,2.14,47
hat,783,0.556142668,1.36,0.295847751,2,0.556149733,1.43,56
hungry,221,0.307793923,2.01,0.474048443,2.44,0.429590018,2.05,23
hate,201,0.114927345,1.72,0.788927336,2.56,0.495543672,2.95,42
hurricane,798,0.276089828,2.12,0.76816609,2.06,0.142602496,2.18,8
hatred,202,0.096433289,1.92,0.738754325,2.56,0.361853832,2.76,20
hurt,222,0.085865258,1.26,0.598615917,2.49,0.188948307,2.22,37
hawk,536,0.611624835,1.62,0.346020761,2.29,0.575757576,1.69,14
hydrant,564,0.498018494,0.93,0.228373702,1.75,0.581105169,1.3,.
hay,784,0.527080581,1.24,0.269896194,2.58,0.55258467,1.64,19
icebox,799,0.488771466,1,0.307958478,2.11,0.495543672,1.05,3
headache,203,0.101717305,1.06,0.46366782,2.74,0.237076649,1.98,5
idea,800,0.759577279,1.34,0.600346021,1.81,0.711229947,2,195
headlight,785,0.527080581,1.51,0.24567474,2.22,0.465240642,1.47,.
identity,801,0.702774108,1.99,0.442906574,2.24,0.736185383,1.89,55
heal,786,0.771466314,1.46,0.411764706,2.23,0.62745098,1.8,2
idiot,223,0.252311757,1.91,0.314878893,2.47,0.162210339,2.13,2
health,204,0.734478203,1.88,0.474048443,2.35,0.634581105,1.91,105
idol,802,0.64332893,1.86,0.442906574,2.14,0.55258467,2.17,7
heart,787,0.811096433,1.53,0.683391003,2.25,0.573975045,2.11,173
ignorance,803,0.240422721,2.25,0.346020761,2.49,0.381461676,2.38,16
heaven,205,0.799207398,2.39,0.557093426,3.2,0.691622103,2.56,43
illness,804,0.162483487,1.4,0.401384083,2.24,0.167557932,1.85,20
hell,788,0.130779392,1.62,0.517301038,2.62,0.172905526,2.36,95
imagine,805,0.801849406,1.52,0.621107266,2.14,0.855614973,1.99,61
helpless,206,0.125495376,1.42,0.510380623,2.52,0,1.83,21
immature,806,0.282694848,1.7,0.30449827,1.96,0.459893048,2.2,7
heroin,789,0.410832232,2.73,0.470588235,2.72,0.450980392,2.54,2
immoral,807,0.297225892,2.16,0.448096886,2.48,0.426024955,2.33,5
hide,207,0.405548217,1.91,0.5,2.51,0.201426025,2.12,22
impair,808,0.254953765,1.86,0.285467128,2.14,0.324420677,2.18,4
highway,562,0.616908851,1.72,0.479238754,2.44,0.604278075,1.81,40
impotent,224,0.206076618,1.92,0.37716263,2.59,0.206773619,2.43,2
hinder,790,0.338177015,1.42,0.299307958,2.01,0.345811052,1.54,.
impressed,225,0.80317041,1.84,0.524221453,2.65,0.577540107,2.21,30
history,208,0.527080581,2.01,0.266435986,2.29,0.456327986,2.08,286
improve,226,0.845442536,1.16,0.570934256,2.15,0.679144385,2.25,39
hit,594,0.406869221,2.35,0.577854671,2.09,0.465240642,2.01,115
incentive,809,0.759577279,1.72,0.570934256,2.45,0.652406417,2.02,12
holiday,791,0.832232497,2.14,0.726643599,2.73,0.718360071,2.17,17
indifferent,810,0.443857332,1.28,0.136678201,1.85,0.458110517,1.67,11
home,209,0.879788639,1.63,0.314878893,2.94,0.647058824,2.3,547
industry,227,0.535006605,1.61,0.359861592,2.43,0.470588235,2.04,171
infant,811,0.752972259,2.08,0.460207612,2.66,0.606060606,2.48,11
kettle,832,0.524438573,0.91,0.143598616,2.23,0.486631016,1.4,3
infatuation,516,0.723910172,2.08,0.801038062,1.87,0.468805704,2.28,4
key,833,0.585204756,1.62,0.226643599,2.18,0.483065954,2.04,88
infection,228,0.054161162,1.34,0.456747405,2.77,0.23885918,2.64,8
kick,834,0.404227213,2.18,0.434256055,2.35,0.575757576,1.93,16
inferior,812,0.240422721,1.57,0.249134948,2.05,0.090909091,2.08,7
kids,835,0.747688243,1.99,0.498269896,2.36,0.499108734,2.03,32
inhabitant,813,0.501981506,1.34,0.269896194,1.97,0.55258467,1.43,.
killer,244,0.084544254,1.39,0.946366782,1.89,0.404634581,3.11,21
injury,595,0.163804491,1.76,0.570934256,2.06,0.231729055,1.62,27
kind,245,0.837516513,1.67,0.358131488,2.55,0.65597148,1.93,313
ink,229,0.501981506,0.81,0.250865052,1.88,0.417112299,2.13,7
kindness,246,0.867899604,1.39,0.330449827,2.62,0.606060606,2.63,5
innocent,814,0.694848085,1.34,0.314878893,1.99,0.536541889,2.08,37
king,247,0.793923382,1.67,0.539792388,2.77,0.91087344,2.1,88
insane,815,0.211360634,1.94,0.595155709,2.45,0.329768271,2.23,13
kiss,248,0.926023778,1.54,0.852941176,2.03,0.830659537,2.28,17
insect,816,0.372523118,2.16,0.290657439,2.46,0.408199643,2.47,14
kitten,517,0.741083223,2.13,0.465397924,2.45,0.818181818,2.01,5
insecure,230,0.14663144,1.33,0.548442907,2.34,0.010695187,1.95,3
knife,596,0.313077939,2.18,0.589965398,2,0.329768271,2.18,76
insolent,231,0.409511229,1.76,0.517301038,2.37,0.397504456,2.06,2
knot,836,0.447820343,1.36,0.290657439,2.15,0.427807487,1.65,8
inspire,232,0.755614267,1.91,0.451557093,2.53,0.725490196,2.11,3
knowledge,249,0.836195509,1.32,0.610726644,2.32,0.803921569,2.41,145
inspired,233,0.779392338,1.85,0.628027682,2.67,0.784313725,2.31,25
lake,250,0.735799207,1.54,0.269896194,2.44,0.468805704,2.1,54
insult,817,0.137384412,1.33,0.624567474,2.46,0.240641711,2.05,7
lamb,837,0.612945839,1.73,0.167820069,2.18,0.470588235,1.96,7
intellect,818,0.735799207,1.96,0.408304498,2.5,0.718360071,1.98,5
lamp,838,0.549537649,1,0.243944637,2.12,0.534759358,1.61,18
intercourse,819,0.807133421,1.57,0.797577855,2.07,0.736185383,1.78,9
lantern,839,0.570673712,1.19,0.287197232,2.28,0.499108734,1.82,13
interest,234,0.755614267,1.53,0.565743945,2.26,0.643493761,1.78,330
laughter,251,0.951122853,1.08,0.75432526,2.5,0.745098039,2.45,22
intimate,821,0.84015852,1.51,0.794117647,2.21,0.639928699,2.29,21
lavish,840,0.655217966,2.03,0.439446367,2.4,0.600713012,1.61,3
intruder,822,0.200792602,2.32,0.773356401,2.41,0.308377897,2.68,1
lawn,841,0.527080581,0.86,0.278546713,1.79,0.55258467,1.11,15
invader,823,0.237780713,2.01,0.538062284,2.4,0.308377897,2.6,1
lawsuit,842,0.28005284,2,0.439446367,2.44,0.294117647,2.02,1
invest,824,0.618229855,2.1,0.472318339,2.42,0.643493761,1.95,3
lazy,843,0.41347424,2.02,0.044982699,2.06,0.320855615,1.93,9
iron,565,0.482166446,1.02,0.237024221,2.06,0.504456328,1.27,43
leader,844,0.842800528,1.59,0.671280277,2.18,1,1.6,74
irritate,235,0.245706737,1.67,0.583044983,2.15,0.49197861,2.05,.
learn,252,0.779392338,1.49,0.519031142,2.22,0.725490196,2.17,84
item,825,0.529722589,0.86,0.147058824,2.08,0.532976827,1.67,54
legend,845,0.678996037,1.34,0.430795848,1.76,0.582887701,1.64,26
jail,236,0.092470277,1.27,0.53633218,2.67,0.274509804,2.71,21
leisurely,253,0.743725231,1.81,0.243944637,2.38,0.513368984,1.9,5
jealousy,237,0.166446499,1.83,0.686851211,2.66,0.272727273,2.41,4
leprosy,254,0.110964333,1.4,0.674740484,2.23,0.308377897,2.3,1
jelly,238,0.582562748,1.44,0.226643599,2.29,0.40285205,1.77,3
lesbian,597,0.451783355,2.45,0.472318339,2.27,0.549019608,2.2,.
jewel,239,0.759577279,1.72,0.517301038,2.54,0.591800357,2.19,1
letter,846,0.708058124,1.59,0.434256055,2.37,0.616755793,1.48,145
joke,826,0.904887715,1.36,0.752595156,1.84,0.691622103,1.86,22
liberty,255,0.889035667,1.22,0.555363322,2.65,0.71657754,2.44,46
jolly,827,0.813738441,1.92,0.55017301,2.8,0.734402852,1.72,4
lice,256,0.14002642,1.78,0.451557093,2.26,0.299465241,2.29,2
journal,828,0.513870542,1.49,0.287197232,1.96,0.532976827,1.42,42
lie,257,0.20343461,1.92,0.617647059,2.63,0.183600713,2.42,59
joy,240,0.970937913,0.71,0.835640138,2.13,0.714795009,2.15,40
life,258,0.795244386,1.88,0.628027682,2.62,0.614973262,2.51,715
joyful,241,0.920739762,1.22,0.621107266,2.54,0.771836007,1.8,1
lightbulb,566,0.575957728,1.28,0.295847751,2.02,0.632798574,1.56,.
jug,829,0.527080581,1.65,0.257785467,2.15,0.495543672,1.62,6
lighthouse,847,0.612945839,2.08,0.349480969,2.44,0.531194296,2.02,.
justice,242,0.862615588,1.35,0.532871972,2.54,0.748663102,2.26,114
lightning,598,0.438573316,2.66,0.730103806,1.77,0.249554367,2.19,14
kerchief,830,0.50990753,1.33,0.179930796,2.08,0.531194296,1.28,1
limber,848,0.585204756,1.49,0.37716263,2.26,0.547237077,1.84,2
kerosene,243,0.468956407,1.59,0.337370242,2.51,0.420677362,1.99,6
lion,518,0.570673712,1.99,0.65916955,2.16,0.329768271,2.33,17
ketchup,831,0.574636724,1.35,0.294117647,2.08,0.538324421,1.81,1
listless,259,0.379128137,1.73,0.295847751,2.31,0.333333333,1.73,1
lively,849,0.785997358,1.97,0.543252595,2.9,0.680926916,1.95,26
memories,871,0.822985469,1.61,0.641868512,2.1,0.643493761,1.92,15
locker,850,0.520475561,1.31,0.171280277,2.13,0.550802139,1.87,9
memory,274,0.709379128,1.5,0.524221453,2.25,0.506238859,2.12,76
loneliness,260,0.047556143,1.02,0.375432526,2.97,0.042780749,2.27,9
menace,275,0.215323646,1.64,0.541522491,2.45,0.483065954,2.25,9
lonely,261,0.121532365,1.76,0.366782007,2.68,0.121212121,2.12,25
merry,872,0.878467635,1.49,0.607266436,2.42,0.778966132,1.66,8
loser,851,0.132100396,1.48,0.442906574,2.57,0.13368984,2.17,1
messy,873,0.250990753,1.73,0.164359862,2.37,0.442067736,2.15,3
lost,852,0.207397622,1.83,0.593425606,2.62,0.10516934,1.64,173
metal,874,0.488771466,1.17,0.242214533,1.96,0.554367201,1.4,61
lottery,853,0.702774108,2.04,0.51384083,2.45,0.452762923,2.11,1
method,875,0.569352708,1.76,0.252595156,2.58,0.606060606,1.58,142
louse,262,0.206076618,1.92,0.448096886,2.03,0.231729055,2.26,3
mighty,276,0.698811096,2.19,0.557093426,2.38,0.884135472,2.11,29
love,263,0.98678996,0.7,0.700692042,3.35,0.862745098,2.56,232
mildew,277,0.253632761,1.36,0.292387543,1.79,0.379679144,1.79,1
loved,264,0.976221929,0.71,0.690311419,2.68,0.77540107,2.53,56
milk,876,0.620871863,2.16,0.223183391,2.57,0.634581105,1.5,49
loyal,265,0.832232497,1.9,0.479238754,2.42,0.827094474,2.23,18
millionaire,278,0.895640687,1.42,0.648788927,2.7,0.837789661,2.4,2
lucky,266,0.914134742,1.06,0.716262976,2.34,0.673796791,2.25,21
mind,877,0.717305152,1.84,0.451557093,2.68,0.73083779,2.19,325
lump,854,0.384412153,2.34,0.416955017,2.82,0.365418895,2.18,7
miracle,279,0.970937913,0.71,0.910034602,1.67,0.549019608,2.58,16
luscious,267,0.825627477,1.08,0.510380623,2.51,0.607843137,1.84,2
mischief,878,0.570673712,2.05,0.583044983,1.95,0.586452763,1.88,5
lust,519,0.775429326,1.62,0.776816609,1.85,0.573975045,2.27,5
misery,879,0.089828269,1.6,0.480968858,2.69,0.049910873,1.45,15
luxury,268,0.875825627,1.49,0.408304498,2.91,0.736185383,2.45,21
mistake,880,0.212681638,1.79,0.482698962,2.42,0.28342246,2.42,34
machine,855,0.507265522,1.67,0.247404844,2.4,0.527629234,2.06,103
mobility,881,0.737120211,1.79,0.451557093,2.18,0.741532977,1.48,8
mad,856,0.157199472,1.72,0.756055363,2.26,0.639928699,2.2,39
modest,280,0.595772787,1.28,0.275086505,2.24,0.479500891,2.16,29
madman,857,0.351387054,2.49,0.548442907,2.78,0.449197861,2.55,2
mold,882,0.303830911,1.7,0.290657439,1.98,0.367201426,1.83,45
maggot,269,0.107001321,1.47,0.5,2.96,0.31372549,2.09,2
moment,281,0.595772787,1.65,0.249134948,2.29,0.452762923,1.92,246
magical,858,0.820343461,1.64,0.615916955,2.36,0.616755793,2.19,12
money,282,0.837516513,1.4,0.57266436,2.66,0.709447415,2.33,265
mail,859,0.743725231,1.74,0.560553633,2.36,0.606060606,1.79,47
month,283,0.515191546,1.09,0.283737024,1.77,0.459893048,1.14,130
malaria,860,0.151915456,1.38,0.347750865,2.54,0.169340463,1.9,3
moody,883,0.257595773,1.58,0.309688581,2.38,0.377896613,1.71,5
malice,270,0.190224571,1.84,0.600346021,2.75,0.440285205,2.72,2
moral,884,0.653896962,1.85,0.363321799,2.28,0.647058824,2.2,142
man,537,0.723910172,1.7,0.493079585,2.31,0.581105169,2.23,1207
morbid,284,0.214002642,2.14,0.461937716,2.68,0.368983957,2.5,1
mangle,861,0.35006605,2.01,0.527681661,2.1,0.417112299,1.84,.
morgue,285,0.088507266,1.32,0.423875433,2.96,0.23885918,1.94,1
maniac,862,0.331571995,2,0.519031142,2.46,0.347593583,2.07,4
mosquito,885,0.204755614,1.91,0.41349481,2.72,0.399286988,2.15,1
manner,863,0.57992074,1.34,0.375432526,1.78,0.495543672,1.83,124
mother,286,0.94319683,1.15,0.647058824,2.71,0.618538324,2.37,216
mantel,864,0.486129458,1.4,0.152249135,2.23,0.47771836,1.61,3
mountain,287,0.705416116,1.66,0.53633218,2.43,0.568627451,2.36,33
manure,865,0.244385733,1.74,0.307958478,2.09,0.427807487,1.36,6
movie,288,0.741083223,1.81,0.439446367,2.54,0.486631016,1.79,29
market,866,0.582562748,1.02,0.299307958,1.83,0.534759358,1.4,155
mucus,886,0.276089828,2.29,0.176470588,2.17,0.450980392,1.83,2
massacre,867,0.136063408,1.74,0.508650519,2.63,0.219251337,2.26,1
muddy,887,0.421400264,2.07,0.301038062,2.13,0.438502674,1.77,10
masterful,271,0.771466314,1.78,0.48615917,2.85,0.875222816,2.56,2
muffin,888,0.702774108,2.04,0.410034602,2.42,0.577540107,1.63,.
masturbate,599,0.554821664,2.02,0.567474048,2.18,0.598930481,2.25,.
murderer,289,0.036988111,0.96,0.878892734,2.18,0.267379679,3.06,19
material,868,0.529722589,1.29,0.287197232,2.34,0.50802139,1.45,174
muscular,290,0.735799207,1.63,0.532871972,2.2,0.768270945,2.28,16
measles,272,0.19682959,1.97,0.461937716,2.44,0.331550802,2.16,2
museum,889,0.5667107,1.86,0.209342561,2.13,0.543672014,1.68,32
medicine,869,0.583883752,2.06,0.347750865,2.36,0.43315508,1.91,30
mushroom,567,0.598414795,2.22,0.403114187,2.33,0.579322638,2.1,2
meek,273,0.346103038,1.69,0.243944637,2.13,0.249554367,2.23,10
music,291,0.908850727,1.09,0.506920415,3.19,0.734402852,2.44,216
melody,870,0.768824306,1.79,0.448096886,2.52,0.568627451,1.78,21
mutation,890,0.351387054,2.44,0.423875433,2.52,0.320855615,2.1,.
mutilate,292,0.075297226,1.45,0.69550173,2.94,0.203208556,2.71,3
orchestra,299,0.63011889,1.89,0.19550173,2.29,0.516934046,2.14,60
mystic,891,0.627476882,2.21,0.423875433,2.57,0.579322638,1.93,3
orgasm,920,0.933949802,1.31,0.987889273,1.45,0.812834225,2.18,7
naked,892,0.672391017,2.42,0.589965398,2.8,0.664884135,2.05,32
outdoors,521,0.821664465,1.8,0.610726644,2.55,0.713012478,2.24,6
name,893,0.568031704,2.24,0.321799308,2.47,0.515151515,2.08,294
outrage,921,0.2998679,2.12,0.76816609,2.26,0.532976827,2.72,4
narcotic,894,0.401585205,2.3,0.439446367,2.57,0.386809269,2.43,2
outstanding,922,0.858652576,1.75,0.666089965,2.59,0.736185383,2.29,37
nasty,895,0.307793923,2.38,0.432525952,2.5,0.486631016,2.17,5
overcast,923,0.317040951,1.61,0.185121107,1.92,0.34402852,1.79,9
natural,896,0.705416116,1.57,0.294117647,2.37,0.588235294,1.69,156
overwhelmed,300,0.388375165,2.61,0.797577855,2.37,0.288770053,2.58,4
nature,293,0.845442536,1.37,0.342560554,2.51,0.47771836,2.72,191
owl,522,0.601056803,1.31,0.275086505,1.87,0.632798574,1.62,2
nectar,294,0.746367239,1.53,0.259515571,2.48,0.404634581,2.06,3
pain,301,0.116248349,1.81,0.711072664,2.49,0.256684492,2.53,88
needle,897,0.339498018,1.73,0.51384083,2.89,0.299465241,2.17,15
paint,924,0.577278732,1.72,0.295847751,2.36,0.620320856,1.71,37
neglect,898,0.182298547,1.64,0.422145329,2.31,0.281639929,2.29,12
palace,302,0.784676354,1.78,0.468858131,2.75,0.609625668,2.17,38
nervous,899,0.269484808,1.47,0.726643599,2.07,0.229946524,1.73,24
pamphlet,925,0.467635403,1.05,0.212802768,2.02,0.420677362,1.48,3
neurotic,900,0.422721268,2.23,0.474048443,2.76,0.381461676,2.05,10
pancakes,523,0.638044914,1.83,0.288927336,2.13,0.622103387,1.61,.
news,901,0.535006605,1.67,0.480968858,2.11,0.415329768,1.88,102
panic,601,0.247027741,1.84,0.801038062,2.02,0.165775401,1.67,22
nice,902,0.7001321,2.44,0.344290657,2.69,0.590017825,2.2,75
paper,303,0.521796565,1.21,0.019031142,1.85,0.392156863,1.67,157
nightmare,295,0.087186262,1.54,0.899653979,2.23,0.251336898,2.76,9
paradise,304,0.98678996,0.6,0.472318339,3.38,0.670231729,2.79,12
nipple,903,0.663143989,1.81,0.548442907,2.55,0.588235294,2,.
paralysis,926,0.096433289,1.44,0.404844291,2.83,0.051693405,1.82,6
noisy,904,0.498018494,2.02,0.690311419,1.78,0.474153298,1.76,6
part,927,0.50990753,1.78,0.247404844,2.24,0.442067736,1.59,500
nonchalant,296,0.461030383,1.11,0.126297578,1.93,0.363636364,1.54,1
party,305,0.87318362,1.83,0.743944637,2.84,0.634581105,2.46,216
nonsense,905,0.443857332,1.63,0.307958478,2.02,0.468805704,1.55,13
passage,928,0.532364597,1.44,0.34083045,2.13,0.490196078,1.62,49
noose,906,0.331571995,1.64,0.346020761,2.08,0.338680927,1.92,3
passion,306,0.895640687,1.27,0.842560554,2.57,0.688057041,2.24,28
nourish,907,0.688243065,1.69,0.328719723,2.51,0.629233512,1.62,.
pasta,524,0.718626156,1.64,0.441176471,2.04,0.629233512,1.47,.
nude,520,0.735799207,1.63,0.69550173,2.09,0.657754011,2.29,20
patent,307,0.533685601,1.08,0.192041522,1.84,0.468805704,1.79,35
nuisance,908,0.266842801,1.86,0.363321799,2.69,0.37254902,1.73,5
patient,929,0.533685601,1.89,0.314878893,2.37,0.468805704,2.31,86
nun,909,0.486129458,1.89,0.093425606,1.8,0.474153298,1.69,2
patriot,930,0.721268164,1.69,0.480968858,2.53,0.647058824,1.54,10
nurse,538,0.638044914,2.08,0.423875433,2.04,0.458110517,2.2,17
peace,308,0.854689564,1.75,0.096885813,2.55,0.56684492,2.84,198
nursery,910,0.591809775,2.3,0.285467128,2.74,0.518716578,2.23,13
penalty,931,0.208718626,1.56,0.468858131,2.31,0.299465241,1.97,14
obesity,911,0.195508587,1.85,0.256055363,2.82,0.262032086,2.45,5
pencil,309,0.524438573,0.68,0.129757785,1.9,0.44741533,1.73,34
obey,912,0.431968296,1.88,0.3183391,1.72,0.354723708,2.4,8
penis,932,0.614266843,1.72,0.544982699,2.63,0.650623886,2.54,.
obnoxious,913,0.297225892,2.18,0.406574394,2.42,0.556149733,2.2,5
penthouse,933,0.734478203,1.64,0.541522491,2.49,0.757575758,1.82,1
obscene,914,0.393659181,2.3,0.458477509,2.3,0.393939394,1.91,2
people,525,0.80317041,1.7,0.614186851,2.09,0.689839572,2.02,847
obsession,915,0.431968296,2.13,0.69550173,2.13,0.445632799,2.38,5
perfection,310,0.792602378,2.05,0.615916955,2.73,0.79144385,2.26,11
ocean,297,0.775429326,1.72,0.442906574,2.79,0.581105169,2.75,34
perfume,934,0.727873184,1.48,0.460207612,2.36,0.652406417,1.69,10
odd,916,0.471598415,2.04,0.325259516,2.46,0.445632799,1.89,44
person,311,0.669749009,1.74,0.311418685,2.45,0.549019608,2.02,175
offend,917,0.199471598,1.5,0.548442907,2.06,0.260249554,2.03,4
pervert,312,0.20343461,2.12,0.669550173,2.61,0.436720143,2.83,1
office,568,0.527080581,1.59,0.292387543,1.92,0.591800357,1.89,255
pest,313,0.248348745,1.82,0.558823529,2.15,0.538324421,2.13,4
opinion,298,0.664464993,1.45,0.432525952,2.46,0.581105169,1.93,96
pet,935,0.731836196,2.32,0.468858131,2.59,0.638146168,2.28,8
optimism,918,0.752972259,2.24,0.510380623,2.58,0.773618538,2.06,15
phase,936,0.517833554,0.79,0.275086505,1.82,0.424242424,1.72,72
option,919,0.692206077,1.31,0.406574394,2.23,0.725490196,1.8,5
pie,314,0.681638045,1.89,0.313148789,2.4,0.549019608,1.78,14
pig,937,0.504623514,1.97,0.313148789,2.42,0.547237077,1.88,8
quality,950,0.660501982,1.59,0.361591696,2.12,0.600713012,1.59,114
pillow,315,0.881109643,1.4,0.100346021,2.52,0.408199643,2.17,8
quarrel,338,0.221928666,2.06,0.674740484,2.56,0.311942959,2.16,20
pinch,938,0.340819022,1.7,0.380622837,2.1,0.443850267,1.73,6
quart,951,0.546895641,2.01,0.207612457,2.51,0.52228164,1.86,3
pistol,939,0.389696169,2.58,0.650519031,2.19,0.495543672,2.77,27
queen,952,0.685601057,1.43,0.410034602,2.18,0.573975045,2.12,41
pity,940,0.28005284,1.57,0.230103806,2.02,0.329768271,1.82,14
quick,953,0.712021136,1.61,0.723183391,1.78,0.766488414,1.91,68
pizza,526,0.71334214,2.23,0.493079585,2.09,0.609625668,1.9,3
quiet,339,0.571994716,1.83,0.074394464,2.13,0.383244207,2.3,76
plain,941,0.414795244,1.46,0.19550173,2.05,0.434937611,1.68,48
rabbit,527,0.702774108,1.92,0.28200692,2.19,0.679144385,1.72,11
plane,539,0.684280053,1.98,0.648788927,2.39,0.44741533,2.19,114
rabies,340,0.068692206,0.97,0.641868512,2.62,0.281639929,2.34,1
plant,316,0.624834875,1.83,0.212802768,2.25,0.434937611,2.12,125
radiant,954,0.723910172,2.17,0.519031142,2.82,0.595365419,2.17,8
pleasure,317,0.928665786,0.92,0.579584775,2.81,0.691622103,2.31,62
radiator,955,0.451783355,1.05,0.28200692,1.94,0.452762923,1.38,4
poetry,318,0.608982827,1.91,0.278546713,2.85,0.541889483,1.81,88
radio,341,0.723910172,1.47,0.41349481,2.82,0.536541889,1.85,120
poison,319,0.096433289,1.44,0.633217993,2.82,0.147950089,2.44,10
rage,342,0.15323646,1.86,1,1.4,0.607843137,3.01,16
politeness,320,0.78335535,1.5,0.233564014,2.37,0.618538324,1.7,5
rain,569,0.505944518,2.51,0.21799308,2.35,0.44741533,1.68,70
pollute,321,0.079260238,1.11,0.638408304,2.42,0.472370766,2.51,1
rainbow,343,0.910171731,1.23,0.389273356,2.88,0.436720143,2.37,4
poster,942,0.540290621,1.75,0.266435986,2.56,0.470588235,1.87,4
rancid,956,0.408190225,2.28,0.458477509,2.27,0.413547237,1.86,.
poverty,322,0.055482166,0.9,0.429065744,2.66,0.167557932,2.21,20
rape,344,0,0.91,0.764705882,3.17,0.124777184,2.94,5
power,323,0.698811096,2.21,0.740484429,1.87,0.893048128,2.35,342
rat,345,0.233817701,1.66,0.442906574,2.36,0.406417112,2.14,6
powerful,324,0.738441215,1.8,0.595155709,2.69,0.877005348,2.52,63
rattle,346,0.499339498,1.23,0.34083045,2.18,0.338680927,1.56,5
prairie,325,0.594451783,1.43,0.176470588,2.17,0.418894831,2.13,21
razor,957,0.470277411,2.16,0.51384083,2.44,0.470588235,1.95,15
present,943,0.752972259,1.85,0.472318339,2.39,0.634581105,1.78,377
red,570,0.681638045,1.61,0.501730104,2.04,0.625668449,1.59,197
pressure,944,0.281373844,1.61,0.636678201,2.26,0.210338681,2.07,185
refreshment,347,0.817701453,1.29,0.356401384,2.7,0.486631016,1.92,2
prestige,945,0.793923382,1.9,0.600346021,2.08,0.825311943,1.96,29
regretful,348,0.136063408,1.42,0.579584775,2.32,0.206773619,2.52,1
pretty,326,0.858652576,1.26,0.629757785,2.22,0.575757576,1.97,107
rejected,349,0.033025099,1.09,0.688581315,2.56,0.080213904,2.58,33
prick,946,0.360634082,1.73,0.399653979,2.59,0.392156863,1.88,2
relaxed,350,0.759577279,1.77,0,2.13,0.584670232,1.9,14
pride,327,0.759577279,2.11,0.595155709,2.48,0.853832442,2.15,42
repentant,351,0.565389696,1.86,0.397923875,1.98,0.561497326,2.06,1
priest,328,0.682959049,2,0.349480969,2.71,0.465240642,2.07,16
reptile,958,0.464993395,2,0.482698962,2.19,0.445632799,2.02,.
prison,329,0.105680317,1.34,0.57266436,2.56,0.34402852,2.58,42
rescue,352,0.852047556,1.24,0.716262976,2.56,0.745098039,2.29,15
privacy,330,0.611624835,1.5,0.299307958,1.83,0.604278075,1.78,12
resent,959,0.331571995,1.9,0.359861592,2.12,0.390374332,2.09,8
profit,331,0.842800528,1.3,0.742214533,1.78,0.638146168,2.47,28
reserved,353,0.479524439,1.83,0.152249135,2.05,0.361853832,1.93,27
progress,947,0.856010568,1.34,0.628027682,2.58,0.800356506,2.05,120
respect,354,0.844121532,1.29,0.484429066,2.39,0.823529412,2.11,125
promotion,332,0.918097754,1.15,0.700692042,2.58,0.8057041,2.28,26
respectful,355,0.788639366,1.27,0.382352941,2.67,0.606060606,2.38,4
protected,333,0.797886394,1.79,0.294117647,2.77,0.629233512,2.54,31
restaurant,960,0.727873184,1.85,0.522491349,2.55,0.616755793,1.41,41
proud,334,0.895640687,1.56,0.548442907,3.01,0.796791444,2.73,50
reunion,961,0.690885073,2.45,0.683391003,2.35,0.600713012,1.95,11
pungent,948,0.35667107,2.09,0.320069204,2.17,0.44741533,1.52,4
reverent,356,0.541611625,1.21,0.278546713,1.6,0.427807487,1.68,3
punishment,335,0.128137384,1.41,0.612456747,2.4,0.219251337,2.43,21
revolt,357,0.380449141,1.78,0.721453287,2.34,0.696969697,2.11,8
puppy,336,0.833553501,1.9,0.598615917,2.78,0.577540107,2.39,2
revolver,962,0.365918098,2.44,0.546712803,2.39,0.377896613,2.47,14
pus,602,0.212681638,1.91,0.420415225,2.06,0.370766488,1.82,.
reward,358,0.829590489,1.67,0.442906574,2.62,0.664884135,2.14,15
putrid,337,0.149273448,1.71,0.579584775,2.26,0.467023173,2.09,.
riches,359,0.852047556,1.95,0.653979239,2.7,0.796791444,2.43,2
python,949,0.36988111,2.48,0.655709343,2.25,0.401069519,2.56,14
ridicule,360,0.248348745,2.24,0.595155709,2.73,0.285204991,2.7,5
rifle,603,0.365918098,2.76,0.685121107,2.04,0.336898396,2.71,63
seat,380,0.488771466,0.98,0.096885813,1.72,0.458110517,1.88,54
rigid,963,0.318361955,2.12,0.392733564,2.47,0.417112299,2.04,24
secure,381,0.834874505,1.76,0.129757785,2.47,0.652406417,2.57,30
riot,361,0.225891678,1.93,0.692041522,2.63,0.340463458,2.47,7
selfish,382,0.154557464,1.62,0.538062284,2.62,0.422459893,2.31,8
river,362,0.739762219,1.69,0.366782007,2.42,0.504456328,1.86,165
sentiment,977,0.624834875,1.71,0.349480969,2.3,0.502673797,1.46,23
roach,363,0.145310436,1.7,0.735294118,2.64,0.454545455,2.94,2
serious,383,0.505944518,1.59,0.278546713,1.87,0.50802139,1.65,116
robber,964,0.179656539,1.69,0.558823529,2.72,0.240641711,2.38,2
severe,978,0.257595773,1.74,0.496539792,2.36,0.278074866,1.91,39
rock,965,0.569352708,1.38,0.368512111,2.37,0.513368984,2.01,75
sex,384,0.898282695,1.53,0.859861592,1.91,0.620320856,2.25,84
rollercoaster,528,0.894319683,1.63,0.980968858,1.71,0.504456328,2.76,.
sexy,530,0.894319683,1.12,0.859861592,1.91,0.811051693,2.13,2
romantic,364,0.933949802,1,0.899653979,2.07,0.679144385,2.29,32
shadow,385,0.409511229,1.23,0.330449827,2.26,0.342245989,1.82,36
rotten,365,0.1334214,1.37,0.370242215,2.38,0.365418895,2.09,2
shamed,386,0.165125495,1.34,0.430795848,2.27,0.126559715,1.94,1
rough,966,0.461030383,2,0.508650519,2.04,0.452762923,1.7,41
shark,606,0.317040951,2.47,0.825259516,1.96,0.064171123,2.16,.
rude,366,0.165125495,2.11,0.678200692,2.47,0.470588235,2.49,6
sheltered,387,0.594451783,1.92,0.326989619,1.77,0.265597148,1.91,4
runner,571,0.583883752,1.91,0.410034602,2.4,0.570409982,1.84,1
ship,388,0.568031704,1.4,0.344290657,2.29,0.50802139,2.31,83
rusty,367,0.344782034,1.47,0.238754325,2.16,0.40285205,1.62,8
shotgun,979,0.412153236,2.75,0.671280277,1.94,0.538324421,2.67,8
sad,368,0.047556143,0.95,0.301038062,2.38,0.210338681,2.18,35
shriek,980,0.354029062,2.22,0.51384083,2.91,0.361853832,1.86,5
safe,967,0.768824306,1.9,0.25432526,2.72,0.631016043,2.06,58
shy,389,0.447820343,1.83,0.238754325,2.29,0.20855615,1.96,13
sailboat,529,0.792602378,1.71,0.430795848,2.73,0.639928699,1.71,1
sick,607,0.085865258,1.14,0.328719723,2.45,0.137254902,1.65,51
saint,968,0.692206077,1.7,0.363321799,1.9,0.55258467,2.11,16
sickness,390,0.132100396,1.71,0.557093426,2.67,0.279857398,2.5,6
salad,369,0.593130779,1.62,0.24567474,2.29,0.570409982,1.68,9
silk,391,0.746367239,1.27,0.228373702,2.51,0.452762923,1.93,12
salute,370,0.616908851,1.57,0.505190311,2.23,0.568627451,2.05,3
silly,981,0.813738441,1.8,0.603806228,2.38,0.664884135,2.09,15
sapphire,371,0.759577279,1.88,0.451557093,2.72,0.584670232,2.24,.
sin,392,0.204755614,1.67,0.58650519,2.21,0.240641711,2.29,53
satisfied,372,0.883751651,1.19,0.441176471,2.63,0.689839572,2.37,36
sinful,393,0.221928666,2.15,0.674740484,2.43,0.351158645,2.73,3
save,969,0.686922061,1.93,0.442906574,2.19,0.664884135,1.79,62
sissy,394,0.249669749,1.96,0.480968858,2.57,0.233511586,2.74,.
savior,373,0.856010568,1.56,0.589965398,3.01,0.778966132,2.18,6
skeptical,395,0.431968296,1.63,0.435986159,1.92,0.397504456,1.61,7
scalding,970,0.207397622,2.12,0.615916955,2.55,0.276292335,2.3,1
skijump,531,0.767503303,1.73,0.807958478,2.1,0.468805704,2.32,.
scandal,971,0.27344782,1.81,0.472318339,2.22,0.368983957,1.73,8
skull,608,0.398943197,1.83,0.408304498,1.85,0.461675579,1.62,3
scapegoat,972,0.319682959,1.65,0.370242215,2.13,0.222816399,1.7,1
sky,572,0.808454425,1.4,0.325259516,2.17,0.515151515,2,58
scar,973,0.281373844,1.7,0.415224913,2.11,0.286987522,1.71,10
skyscraper,573,0.611624835,1.87,0.574394464,2.17,0.367201426,2.36,2
scared,604,0.202113606,1.99,0.766435986,2.03,0.11942959,2.19,21
slap,396,0.224570674,1.79,0.704152249,2.58,0.345811052,2.29,2
scholar,374,0.793923382,1.42,0.472318339,2.46,0.770053476,2.02,15
slaughter,397,0.051519155,1.18,0.757785467,2.42,0.276292335,2.75,10
scissors,974,0.501981506,0.96,0.359861592,1.76,0.515151515,1.84,1
slave,398,0.077939234,1.13,0.660899654,2.93,0.181818182,2.76,30
scorching,975,0.331571995,1.83,0.451557093,2.74,0.326203209,2.01,.
sleep,399,0.785997358,1.77,0.070934256,2.66,0.559714795,2.41,65
scorn,375,0.21003963,2.07,0.534602076,2.52,0.295900178,2.64,4
slime,400,0.188903567,1.66,0.51384083,2.63,0.338680927,1.82,1
scornful,376,0.233817701,2.03,0.458477509,2.56,0.413547237,2.18,5
slow,982,0.354029062,1.6,0.173010381,2.22,0.370766488,1.61,60
scorpion,976,0.322324967,2.63,0.517301038,3.08,0.304812834,2.44,.
slum,401,0.150594452,1.25,0.41349481,2.52,0.278074866,2.18,8
scream,605,0.347424042,2.07,0.80449827,1.96,0.442067736,2.21,13
slush,983,0.450462351,1.88,0.23183391,2.23,0.470588235,1.48,.
scum,377,0.155878468,1.56,0.430795848,2.36,0.354723708,1.99,.
smallpox,402,0.167767503,2.08,0.551903114,2.13,0.360071301,2.17,2
scurvy,378,0.256274769,2,0.401384083,2.72,0.393939394,2.48,1
smooth,984,0.704095112,1.78,0.435986159,2.57,0.502673797,2.09,42
seasick,379,0.105680317,1.2,0.589965398,2.88,0.203208556,2.39,.
snake,609,0.272126816,2.2,0.766435986,2.1,0.26916221,2.05,44
snob,403,0.278731836,1.81,0.564013841,2.36,0.506238859,2.25,1
sun,532,0.832232497,1.85,0.458477509,2.66,0.693404635,2.09,112
snow,575,0.77014531,1.83,0.581314879,2.47,0.629233512,1.97,59
sunlight,1003,0.85997358,1.43,0.641868512,2.3,0.598930481,2.15,17
snuggle,404,0.881109643,1.24,0.306228374,2.8,0.604278075,2.47,4
sunrise,420,0.87318362,1.35,0.461937716,3.05,0.538324421,2.41,10
social,985,0.743725231,1.82,0.448096886,2.59,0.648841355,2.07,380
sunset,421,0.849405548,1.72,0.313148789,2.99,0.604278075,2.08,14
soft,986,0.775429326,1.34,0.387543253,2.61,0.664884135,1.8,61
surgery,612,0.212681638,2.19,0.685121107,2.32,0.085561497,1.86,6
solemn,405,0.405548217,1.51,0.202422145,1.95,0.417112299,1.87,12
surprised,422,0.821664465,1.56,0.878892734,2.09,0.684491979,2.19,58
song,987,0.772787318,1.97,0.636678201,2.42,0.638146168,2.12,70
suspicious,423,0.331571995,1.42,0.667820069,1.59,0.392156863,1.99,13
soothe,988,0.799207398,1.85,0.347750865,3.08,0.550802139,2.24,2
swamp,1004,0.513870542,2.24,0.42733564,2.36,0.538324421,1.63,5
sour,989,0.354029062,1.98,0.468858131,1.95,0.422459893,1.5,3
sweetheart,424,0.947159841,0.83,0.538062284,2.73,0.670231729,2.24,9
space,574,0.730515192,1.66,0.475778547,2.54,0.52228164,2.44,184
swift,1005,0.688243065,1.76,0.519031142,2.53,0.71657754,1.85,32
spanking,990,0.303830911,2.54,0.522491349,2.73,0.292335116,2.51,.
swimmer,576,0.698811096,1.64,0.420415225,2.49,0.657754011,1.91,.
sphere,991,0.538969617,0.87,0.257785467,1.99,0.486631016,0.92,22
syphilis,425,0.05680317,1.23,0.570934256,3.25,0.188948307,2.67,.
spider,610,0.274768824,1.72,0.574394464,2.21,0.442067736,2.11,2
table,426,0.524438573,0.72,0.091695502,2.16,0.392156863,1.66,198
spirit,406,0.759577279,1.32,0.548442907,2.62,0.632798574,2.42,182
talent,427,0.833553501,1.25,0.671280277,1.8,0.752228164,1.75,40
spouse,407,0.836195509,1.48,0.487889273,2.75,0.581105169,1.97,3
tamper,1006,0.376486129,1.88,0.442906574,2.01,0.411764706,2.1,1
spray,992,0.554821664,1.63,0.302768166,2.28,0.50802139,1.43,16
tank,613,0.51651255,1.87,0.430795848,1.86,0.44741533,1.93,12
spring,993,0.85997358,1.51,0.567474048,2.51,0.711229947,1.98,127
taste,1007,0.714663144,1.57,0.489619377,2.38,0.575757576,1.65,59
square,408,0.461030383,1.02,0.136678201,1.76,0.399286988,1.45,143
taxi,1008,0.495376486,1.96,0.176470588,2.14,0.422459893,1.83,16
stagnant,994,0.383091149,1.57,0.266435986,1.94,0.434937611,1.36,5
teacher,1009,0.585204756,2.12,0.287197232,2.61,0.506238859,2.2,80
star,409,0.795244386,1.66,0.595155709,2.44,0.429590018,2.15,25
tease,1010,0.474240423,2.51,0.602076125,2.56,0.427807487,2.37,6
startled,410,0.429326288,1.67,0.785467128,2.24,0.393939394,1.57,21
tender,1011,0.750330251,1.28,0.430795848,2.3,0.545454545,1.75,11
starving,611,0.150594452,1.82,0.557093426,2.53,0.242424242,2.1,6
tennis,540,0.63011889,1.97,0.384083045,2.6,0.595365419,2.12,15
statue,995,0.517833554,0.7,0.185121107,1.72,0.47771836,1.4,17
tense,428,0.305151915,1.36,0.716262976,2.1,0.525846702,2.02,15
stench,996,0.124174373,1.37,0.34083045,2.46,0.360071301,1.91,1
termite,429,0.307793923,2.08,0.519031142,2.43,0.285204991,1.87,.
stiff,997,0.453104359,1.97,0.28200692,2.41,0.474153298,2.04,21
terrible,430,0.089828269,1.44,0.671280277,2.44,0.233511586,2.34,45
stink,411,0.231175694,1.79,0.323529412,2.1,0.336898396,1.98,3
terrific,431,0.912813738,1.12,0.664359862,2.73,0.771836007,2.15,5
stomach,998,0.471598415,2.06,0.266435986,2.49,0.429590018,1.85,37
terrified,432,0.062087186,1.14,0.946366782,2.27,0.144385027,2.75,7
stool,999,0.437252312,1.72,0.278546713,2.14,0.483065954,1.85,8
terrorist,614,0.058124174,1.42,0.844290657,2.38,0.067736185,2.3,.
storm,1000,0.488771466,2.22,0.574394464,2.34,0.404634581,2.04,26
thankful,433,0.745046235,2.29,0.337370242,2.31,0.543672014,2,6
stove,1001,0.492734478,1.69,0.366782007,2.14,0.550802139,1.87,15
theory,434,0.535006605,1.49,0.385813149,1.94,0.465240642,1.81,129
street,412,0.524438573,0.72,0.173010381,1.87,0.452762923,1.21,244
thermometer,1012,0.459709379,1.05,0.242214533,2.02,0.377896613,1.51,.
stress,413,0.110964333,1.41,0.875432526,2.38,0.295900178,2.75,107
thief,435,0.116248349,1.69,0.778546713,2.13,0.270944742,2.55,8
strong,414,0.774108322,1.48,0.610726644,2.28,0.828877005,2.43,202
thorn,436,0.315719947,1.76,0.475778547,2.14,0.3885918,1.5,3
stupid,415,0.14002642,1.37,0.403114187,2.71,0.126559715,2.18,24
thought,1013,0.678996037,1.58,0.422145329,2.46,0.668449198,1.7,515
subdued,416,0.451783355,1.31,0.088235294,1.81,0.322638146,1.56,8
thoughtful,437,0.845442536,1.03,0.576124567,2.3,0.595365419,2.11,11
success,417,0.92998679,0.93,0.643598616,2.65,0.823529412,2.4,93
thrill,438,0.898282695,1.48,0.974048443,1.65,0.76114082,2.3,5
suffocate,418,0.040951123,0.96,0.629757785,3.19,0.20855615,2.81,1
tidy,1014,0.667107001,1.56,0.275086505,2.22,0.573975045,1.93,1
sugar,1002,0.725231176,1.73,0.562283737,2.18,0.575757576,1.5,34
time,439,0.536327609,2.02,0.389273356,2.75,0.420677362,2.24,1599
suicide,419,0,0.69,0.577854671,3.14,0.233511586,3.02,17
timid,440,0.344782034,1.55,0.297577855,2.09,0.146167558,1.91,5
tobacco,441,0.268163804,2.16,0.422145329,2.9,0.322638146,2.27,19
useful,466,0.778071334,1.6,0.323529412,2.47,0.652406417,2.1,58
tomb,442,0.22324967,1.88,0.404844291,2.72,0.258467023,2.05,11
useless,467,0.116248349,1.42,0.429065744,2.58,0.294117647,2.62,17
tool,1015,0.520475561,1.27,0.335640138,1.78,0.606060606,1.62,40
utensil,1024,0.513870542,1.39,0.204152249,1.98,0.557932264,1.47,.
toothache,443,0.096433289,1.15,0.546712803,2.51,0.290552585,1.85,.
vacation,468,0.912813738,1.36,0.562283737,2.99,0.807486631,2.08,47
tornado,444,0.171730515,1.78,0.76816609,2.49,0.361853832,2.42,1
vagina,1025,0.645970938,1.77,0.546712803,2.55,0.643493761,1.74,10
torture,445,0.040951123,0.79,0.641868512,2.77,0.188948307,2.37,3
valentine,469,0.906208719,1.35,0.634948097,2.91,0.631016043,2.45,2
tower,1016,0.556142668,1.75,0.269896194,2.28,0.625668449,2.14,13
vampire,470,0.397622193,1.86,0.688581315,2.35,0.495543672,2.27,1
toxic,446,0.112285337,1.48,0.693771626,2.41,0.383244207,2.51,3
vandal,471,0.192866579,1.91,0.693771626,1.88,0.292335116,2.49,1
toy,1017,0.759577279,2.01,0.470588235,2.84,0.680926916,1.84,4
vanity,472,0.402906209,1.91,0.448096886,2.31,0.450980392,2.03,7
tragedy,447,0.07001321,1.31,0.666089965,2.64,0.219251337,2.34,49
vehicle,473,0.663143989,2.34,0.387543253,2.81,0.623885918,2.61,35
traitor,448,0.128137384,1.69,0.58650519,2.47,0.417112299,2.71,2
venom,474,0.188903567,1.81,0.638408304,2.44,0.297682709,2.23,2
trash,615,0.187582563,1.45,0.306228374,2.16,0.529411765,1.85,2
vest,1026,0.528401585,1.33,0.269896194,2.09,0.502673797,1.24,4
trauma,616,0.112285337,1.49,0.6816609,2.45,0.101604278,1.87,1
victim,618,0.122853369,1.48,0.634948097,2.32,0.07486631,2.04,27
travel,1018,0.772787318,2,0.660899654,2.51,0.720142602,2.08,61
victory,475,0.933949802,1.16,0.733564014,2.84,0.889483066,2.14,61
treasure,449,0.927344782,0.9,0.75432526,2.3,0.729055258,2.42,4
vigorous,476,0.731836196,1.54,0.607266436,2.66,0.559714795,2.22,29
treat,1019,0.807133421,1.38,0.558823529,2.25,0.625668449,1.82,26
village,477,0.616908851,1.34,0.292387543,1.87,0.475935829,1.74,72
tree,450,0.669749009,1.56,0.178200692,2.21,0.500891266,2.29,59
violent,478,0.137384412,1.78,0.778546713,2.47,0.515151515,2.86,33
triumph,451,0.865257596,1.83,0.58650519,2.6,0.839572193,2.2,22
violin,579,0.552179657,1.98,0.190311419,2.26,0.518716578,2.01,11
triumphant,452,1,0.73,0.759515571,2.58,0.834224599,2.55,5
virgin,1027,0.686922061,1.76,0.539792388,2.06,0.707664884,2.48,35
trophy,453,0.862615588,1.22,0.519031142,2.44,0.743315508,2.32,8
virtue,479,0.65653897,2.06,0.368512111,2.52,0.688057041,2.09,30
trouble,454,0.235138705,2.09,0.771626298,2.03,0.459893048,2.39,134
vision,480,0.709379128,1.84,0.392733564,2.43,0.668449198,1.96,56
troubled,455,0.121532365,1.21,0.614186851,2.36,0.292335116,2.33,31
volcano,619,0.474240423,2.14,0.6816609,2.21,0.174688057,1.97,2
truck,577,0.557463672,1.88,0.423875433,2.17,0.545454545,1.83,57
vomit,481,0.107001321,1.57,0.581314879,2.84,0.233511586,2.45,3
trumpet,456,0.594451783,1.38,0.446366782,2.13,0.409982175,1.72,7
voyage,1028,0.660501982,1.91,0.546712803,2.23,0.518716578,1.98,17
trunk,1020,0.507265522,1.57,0.309688581,2.19,0.511586453,1.9,8
wagon,1029,0.544253633,0.97,0.275086505,2.04,0.495543672,1.2,55
trust,457,0.717305152,2.71,0.503460208,2.66,0.773618538,2.04,52
war,482,0.109643329,1.91,0.882352941,2.16,0.397504456,3,464
truth,458,0.865257596,1.29,0.451557093,2.77,0.748663102,2.11,126
warmth,483,0.813738441,1.81,0.23183391,2.4,0.595365419,1.67,28
tumor,459,0.14663144,2.04,0.712802768,2.85,0.233511586,2.42,17
wasp,484,0.28005284,1.63,0.538062284,2.17,0.265597148,1.82,2
tune,1021,0.750330251,1.47,0.401384083,2.09,0.618538324,1.82,10
waste,485,0.221928666,1.76,0.302768166,2.3,0.436720143,1.94,35
twilight,1022,0.78996037,1.8,0.399653979,2.41,0.591800357,1.82,4
watch,580,0.598414795,1.51,0.295847751,2.12,0.55258467,1.75,81
ugly,460,0.155878468,1.27,0.517301038,2.23,0.354723708,2.33,21
water,486,0.708058124,1.78,0.446366782,2.49,0.500891266,1.99,442
ulcer,461,0.07001321,1.17,0.64532872,2.68,0.338680927,2.22,5
waterfall,487,0.875825627,1.03,0.515570934,2.84,0.52228164,2.18,2
umbrella,578,0.51651255,1.57,0.223183391,1.99,0.561497326,1.91,8
wealthy,488,0.852047556,1.34,0.589965398,2.73,0.802139037,2.57,12
unfaithful,462,0.105680317,1.55,0.65916955,2.7,0.13368984,2.54,1
weapon,489,0.359313078,1.92,0.629757785,1.89,0.520499109,2.61,42
unhappy,463,0.042272127,0.96,0.309688581,2.5,0.190730838,2.35,26
weary,490,0.335535007,2.12,0.24567474,2.29,0.308377897,1.91,17
unit,1023,0.57331572,1.87,0.235294118,2.49,0.506238859,1.74,103
wedding,491,0.867899604,1.56,0.619377163,2.85,0.786096257,2.08,32
untroubled,464,0.841479524,1.41,0.259515571,2.54,0.581105169,2.54,.
whistle,1030,0.602377807,1.21,0.397923875,1.99,0.534759358,1.87,4
upset,465,0.099075297,1.18,0.600346021,2.4,0.322638146,2.31,14
white,542,0.689564069,1.59,0.342560554,2.14,0.661319073,1.73,365
urine,617,0.264200793,1.71,0.313148789,2.18,0.529411765,1.86,1
whore,492,0.138705416,2.11,0.598615917,2.93,0.417112299,2.73,2
wicked,493,0.225891678,2.37,0.640138408,2.44,0.37254902,2.65,9
world,500,0.693527081,2.03,0.506920415,2.39,0.532976827,2.47,787
wife,1031,0.671070013,1.97,0.439446367,2.22,0.588235294,1.68,228
wounds,620,0.166446499,1.58,0.593425606,2.01,0.294117647,1.57,8
win,494,0.941875826,0.92,0.922145329,2.16,0.912655971,2.36,55
writer,1036,0.564068692,1.9,0.335640138,2.45,0.438502674,1.84,73
windmill,1032,0.574636724,1.65,0.233564014,2.13,0.529411765,1.04,1
yacht,1037,0.752972259,1.79,0.557093426,2.72,0.682709447,2.13,4
window,495,0.615587847,1.38,0.273356401,2.01,0.470588235,1.6,119
yellow,545,0.575957728,1.94,0.352941176,2.05,0.570409982,1.58,55
wine,496,0.620871863,2.19,0.41349481,2.34,0.541889483,2.15,72
young,1038,0.745046235,2.12,0.562283737,2.51,0.540106952,2.49,385
wink,1033,0.750330251,1.83,0.527681661,2.68,0.6114082,1.77,7
youth,1039,0.72655218,2.29,0.567474048,2.52,0.506238859,2.55,82
wise,497,0.828269485,1.23,0.262975779,2.64,0.789661319,2.39,36
zest,1040,0.731836196,2.04,0.553633218,2.66,0.664884135,1.99,5
abduction,621,0.199471598,2.06,0.543252595,2.43,0.217468806,2.38,1
anguished,19,0.114927345,1.56,0.508650519,2.69,0.210338681,2.37,2
abortion,622,0.297225892,2.3,0.519031142,2.8,0.413547237,2.54,6
ankle,638,0.531043593,1.54,0.306228374,2.03,0.445632799,1.74,8
absurd,623,0.397622193,1.82,0.34083045,2.2,0.438502674,1.72,17
annoy,20,0.19682959,1.81,0.709342561,2.17,0.502673797,2.04,2
abundance,624,0.705416116,2.01,0.539792388,2.63,0.629233512,2.16,13
answer,639,0.710700132,1.68,0.522491349,2.43,0.638146168,1.88,152
abuse,1,0.072655218,1.23,0.76816609,2.7,0.25311943,2.94,18
anxious,21,0.470277411,1.98,0.783737024,1.81,0.545454545,1.82,29
acceptance,625,0.889035667,1.42,0.520761246,2.7,0.778966132,1.91,49
applause,640,0.825627477,1.5,0.589965398,2.79,0.750445633,2.11,14
accident,2,0.105680317,1.19,0.669550173,2.87,0.265597148,2.22,33
appliance,641,0.508586526,1.21,0.287197232,2.06,0.495543672,1.34,5
ace,626,0.743725231,1.93,0.538062284,2.66,0.734402852,2.31,15
arm,642,0.540290621,1.82,0.207612457,2.4,0.499108734,1.5,94
ache,627,0.15984148,1.52,0.451557093,2.45,0.226381462,1.73,4
army,23,0.458388375,1.75,0.456747405,2.03,0.49197861,2.45,132
achievement,3,0.877146631,1.38,0.543252595,2.81,0.764705882,2.35,65
aroused,24,0.887714663,1,0.733564014,2.7,0.689839572,1.97,20
activate,4,0.556142668,0.98,0.42733564,2.56,0.563279857,1.84,2
arrogant,25,0.322324967,2.4,0.564013841,2.23,0.511586453,2.71,2
addict,581,0.162483487,2.08,0.565743945,2.26,0.258467023,2.54,1
art,643,0.717305152,2.1,0.42733564,2.88,0.540106952,2.33,208
addicted,628,0.166446499,1.42,0.418685121,2.46,0.212121212,2.23,3
assassin,26,0.243064729,2.09,0.673010381,2.53,0.367201426,2.68,6
admired,5,0.857331572,1.84,0.643598616,2.36,0.937611408,1.94,17
assault,27,0.103038309,1.55,0.885813149,2.28,0.297682709,3.1,15
adorable,6,0.8665786,1.24,0.472318339,2.71,0.618538324,2.48,3
astonished,28,0.701453104,1.61,0.724913495,2.22,0.515151515,1.79,6
adult,546,0.692206077,1.5,0.410034602,1.95,0.620320856,2.21,25
astronaut,501,0.714663144,1.6,0.5,2.11,0.52228164,1.95,2
advantage,629,0.752972259,1.85,0.410034602,2.18,0.729055258,2.23,73
athletics,644,0.708058124,2.08,0.641868512,2.29,0.68627451,2.12,9
adventure,630,0.838837517,1.5,0.794117647,2.15,0.74688057,1.67,14
autumn,29,0.667107001,2.14,0.366782007,2.5,0.513368984,1.85,22
affection,7,0.94319683,0.86,0.660899654,2.75,0.679144385,2.22,18
avalanche,645,0.269484808,1.95,0.544982699,2.37,0.23885918,2,1
afraid,8,0.099075297,1.28,0.740484429,2.54,0.304812834,2.63,57
avenue,646,0.561426684,1.37,0.299307958,2.01,0.557932264,1.53,46
aggressive,9,0.508586526,1.68,0.595155709,2.33,0.591800357,2.4,17
awed,30,0.71994716,1.38,0.579584775,2.31,0.540106952,2.03,5
agility,22,0.688243065,1.57,0.425605536,1.8,0.64171123,1.52,3
baby,31,0.920739762,1.2,0.543252595,2.8,0.486631016,2.8,62
agony,10,0.155878468,2.17,0.634948097,2.67,0.311942959,2.49,9
bake,647,0.64993395,1.71,0.468858131,2.3,0.573975045,1.88,12
agreement,631,0.77014531,1.59,0.455017301,2.24,0.704099822,1.85,106
bandage,648,0.434610304,1.75,0.261245675,2.07,0.401069519,1.89,4
air,632,0.672391017,1.56,0.299307958,2.3,0.504456328,1.56,257
bankrupt,32,0.099075297,1.31,0.660899654,2.79,0.178253119,2.39,5
alcoholic,582,0.21003963,2.34,0.570934256,2.36,0.3885918,2.56,3
banner,649,0.548216645,0.83,0.249134948,1.95,0.450980392,1.57,8
alert,11,0.653896962,1.76,0.771626298,2.53,0.657754011,2.24,33
bar,650,0.682959049,2.05,0.451557093,2.83,0.570409982,1.94,82
alien,633,0.574636724,1.82,0.529411765,2.15,0.422459893,2.07,16
barrel,651,0.501981506,1.46,0.167820069,2.28,0.467023173,1.57,24
alimony,634,0.35667107,2,0.330449827,2.29,0.420677362,2.3,2
basket,547,0.554821664,1.15,0.214532872,2.02,0.622103387,1.45,17
alive,635,0.792602378,2.22,0.538062284,2.74,0.734402852,2.15,57
bastard,33,0.278731836,2.16,0.636678201,2.15,0.338680927,2.4,12
allergy,636,0.240422721,1.64,0.389273356,2.34,0.167557932,1.77,1
bath,502,0.80317041,1.45,0.306228374,2.31,0.737967914,1.87,26
alley,637,0.42668428,1.97,0.435986159,2.42,0.308377897,1.7,8
bathroom,548,0.568031704,1.36,0.257785467,1.72,0.602495544,1.59,18
alone,12,0.15323646,1.77,0.422145329,2.66,0.254901961,2.42,195
bathtub,652,0.718626156,1.57,0.34083045,2.59,0.622103387,1.76,4
aloof,13,0.482166446,1.92,0.326989619,2.1,0.431372549,1.92,5
beach,34,0.895640687,1.59,0.543252595,3.07,0.565062389,2.52,61
ambition,14,0.764861295,1.98,0.557093426,2.92,0.830659537,2.07,19
beast,653,0.393659181,2.41,0.55017301,2.61,0.467023173,2.29,7
ambulance,15,0.161162483,1.5,0.85467128,1.96,0.169340463,2.29,6
beautiful,654,0.838837517,1.64,0.653979239,2.34,0.71657754,1.81,127
angel,16,0.829590489,1.58,0.422145329,2.63,0.481283422,2.34,18
beauty,35,0.867899604,1.16,0.442906574,2.57,0.581105169,2.1,71
anger,17,0.143989432,1.32,0.906574394,1.91,0.575757576,2.82,48
bed,549,0.826948481,1.38,0.211072664,2.56,0.821746881,1.78,127
angry,18,0.211360634,1.7,0.826989619,2.07,0.584670232,2.74,45
bees,583,0.257595773,2.07,0.712802768,2.14,0.336898396,2.11,15
beggar,36,0.260237781,2.02,0.435986159,2.45,0.324420677,2.38,2
brutal,53,0.204755614,1.9,0.728373702,2.36,0.413547237,2.7,7
bench,655,0.443857332,1.4,0.207612457,2.07,0.429590018,1.38,35
building,550,0.533685601,1.15,0.264705882,1.94,0.531194296,1.57,160
bereavement,656,0.438573316,1.7,0.313148789,2.15,0.367201426,1.73,4
bullet,673,0.269484808,2.06,0.508650519,2.48,0.290552585,2.61,28
betray,37,0.05680317,1.02,0.839100346,2.06,0.472370766,2.97,4
bunny,54,0.791281374,1.32,0.288927336,2.61,0.481283422,2.18,1
beverage,657,0.737120211,1.48,0.487889273,2.46,0.598930481,2.17,5
burdened,55,0.165125495,1.32,0.560553633,2.07,0.49197861,2.35,4
bird,38,0.795244386,1.36,0.134948097,2.23,0.383244207,2.26,31
burial,56,0.105680317,1.41,0.465397924,2.4,0.228163993,1.95,11
birthday,39,0.870541612,1.92,0.742214533,2.11,0.645276292,2.61,18
burn,586,0.195508587,1.72,0.662629758,1.91,0.347593583,1.83,15
black,543,0.546895641,1.8,0.384083045,2.24,0.511586453,1.79,203
bus,541,0.430647292,1.57,0.200692042,1.8,0.458110517,1.75,34
blackmail,40,0.224570674,1.95,0.629757785,2.7,0.226381462,2.67,2
busybody,674,0.517833554,2.02,0.423875433,2.41,0.56684492,1.97,.
bland,658,0.376486129,1.08,0.155709343,1.89,0.465240642,1.27,3
butter,57,0.538969617,1.2,0.134948097,1.84,0.427807487,1.69,27
blase,41,0.480845443,1.16,0.26816609,1.76,0.409982175,1.44,7
butterfly,58,0.782034346,1.2,0.186851211,2.39,0.424242424,2.27,2
blasphemy,659,0.330250991,2.26,0.439446367,2.34,0.442067736,1.59,4
cabinet,675,0.501981506,0.31,0.179930796,1.85,0.438502674,1.66,17
bless,42,0.784676354,1.69,0.287197232,2.59,0.579322638,2.22,9
cake,59,0.793923382,1.27,0.451557093,2.37,0.515151515,2.05,9
blind,43,0.237780713,1.99,0.346020761,2.36,0.180035651,1.91,47
cancer,60,0.033025099,0.85,0.697231834,2.83,0.204991087,2.99,25
bliss,660,0.752972259,2.24,0.349480969,2.95,0.68627451,2.15,4
candy,61,0.698811096,2.09,0.378892734,2.4,0.545454545,1.91,16
blister,661,0.215323646,1.75,0.295847751,2.34,0.304812834,1.9,3
cane,677,0.36327609,1.8,0.313148789,1.93,0.356506239,1.95,12
blond,662,0.684280053,2.04,0.46366782,2.7,0.618538324,1.67,11
cannon,678,0.482166446,2.2,0.401384083,2.84,0.516934046,2.29,7
bloody,584,0.217965654,1.98,0.69550173,2,0.301247772,1.89,8
capable,62,0.780713342,1.39,0.465397924,2.07,0.748663102,1.94,66
blossom,44,0.793923382,1.18,0.456747405,2.65,0.581105169,2.21,7
car,551,0.856010568,1.63,0.666089965,2.04,0.839572193,2.06,274
blubber,663,0.2998679,1.99,0.37716263,2.38,0.28342246,1.97,1
carcass,679,0.276089828,1.92,0.422145329,2.07,0.468805704,1.79,7
blue,544,0.727873184,1.78,0.332179931,2.2,0.598930481,1.64,143
carefree,63,0.830911493,1.38,0.307958478,2.84,0.625668449,2.5,9
board,664,0.471598415,1.23,0.167820069,2.12,0.483065954,1.77,239
caress,64,0.870541612,1.16,0.475778547,3,0.634581105,2.13,1
body,665,0.568031704,2.37,0.541522491,2.63,0.547237077,2.12,276
cash,503,0.940554822,1,0.861591696,2.21,0.83600713,2.39,36
bold,45,0.733157199,1.61,0.555363322,2.21,0.784313725,1.81,21
casino,680,0.734478203,1.66,0.712802768,2.12,0.50802139,2.15,2
bomb,46,0.112285337,1.19,0.823529412,2.4,0.404634581,2.88,36
cat,504,0.590488771,2.43,0.344290657,2.24,0.693404635,2.05,.
book,47,0.590488771,1.54,0.307958478,2.49,0.540106952,2.05,193
cell,587,0.339498018,1.7,0.292387543,2.19,0.329768271,2.13,65
bored,48,0.224570674,1.35,0.076124567,2.31,0.32798574,1.7,14
cellar,681,0.405548217,1.68,0.346020761,2.33,0.426024955,1.61,26
bottle,666,0.647291942,1.49,0.415224913,2.44,0.44741533,1.65,76
cemetery,65,0.182298547,1.4,0.420415225,2.66,0.356506239,2.14,15
bouquet,667,0.762219287,1.84,0.531141869,2.47,0.691622103,1.8,4
chair,66,0.505944518,0.98,0.131487889,1.77,0.408199643,1.6,66
bowl,49,0.538969617,1.33,0.186851211,2.12,0.431372549,1.67,23
champ,682,0.78335535,1.97,0.624567474,2.43,0.802139037,2,1
boxer,585,0.562747688,1.8,0.472318339,2.26,0.504456328,1.64,1
champion,67,0.949801849,0.9,0.598615917,3.15,0.754010695,2.85,23
boy,50,0.669749009,1.6,0.378892734,2.37,0.547237077,2.2,242
chance,683,0.63011889,1.77,0.517301038,2.58,0.422459893,1.93,131
brave,668,0.779392338,1.64,0.650519031,2.45,0.882352941,1.86,24
chaos,684,0.385733157,2.36,0.740484429,2.06,0.28342246,1.95,17
breast,51,0.693527081,1.78,0.515570934,2.39,0.556149733,2.27,11
charm,68,0.729194188,1.58,0.479238754,2.25,0.588235294,2.25,26
breeze,669,0.739762219,1.71,0.342560554,2.32,0.582887701,1.67,14
cheer,69,0.904887715,1.17,0.64532872,2.45,0.664884135,2.06,8
bride,670,0.804491413,1.71,0.546712803,2.74,0.618538324,2.36,33
child,70,0.77014531,1.98,0.546712803,2.29,0.504456328,2.3,213
bright,671,0.825627477,1.55,0.520761246,2.33,0.725490196,1.82,87
chin,685,0.533685601,1.27,0.15916955,1.98,0.532976827,1.48,27
broken,672,0.237780713,1.92,0.525951557,2.42,0.333333333,1.62,63
chocolate,505,0.743725231,1.89,0.501730104,2.55,0.518716578,1.97,9
brother,52,0.774108322,2.17,0.401384083,2.68,0.50802139,2.31,73
christmas,686,0.865257596,1.55,0.671280277,2.56,0.55258467,2.09,27
church,71,0.664464993,2.31,0.337370242,2.45,0.486631016,2.42,348
cozy,88,0.811096433,1.53,0.160899654,2.28,0.467023173,2.28,1
circle,687,0.583883752,1.26,0.25432526,2.13,0.49197861,1.46,60
crash,89,0.14002642,1.44,0.788927336,2.44,0.20855615,2.21,20
circus,72,0.799207398,1.84,0.619377163,2.59,0.556149733,2.25,7
crime,704,0.21664465,2.06,0.522491349,2.69,0.329768271,2.24,34
city,73,0.631439894,1.37,0.493079585,2.53,0.618538324,2.08,393
criminal,705,0.221928666,1.66,0.415224913,2.51,0.190730838,1.73,24
cliff,553,0.451783355,2.08,0.667820069,2.15,0.370766488,2.11,11
crisis,706,0.19682959,2.23,0.527681661,3.07,0.237076649,2.47,82
clock,688,0.513870542,1.54,0.28200692,2.54,0.427807487,1.97,20
crown,90,0.704095112,1.42,0.326989619,2.53,0.675579323,2.15,19
clothing,74,0.698811096,1.85,0.41349481,2.88,0.545454545,2.14,20
crucify,91,0.129458388,1.72,0.705882353,2.47,0.262032086,2.48,2
clouds,533,0.651254954,2.18,0.157439446,2.08,0.525846702,1.66,38
crude,707,0.247027741,1.65,0.46366782,2.37,0.356506239,1.94,15
clumsy,689,0.36327609,2.22,0.482698962,2.4,0.28342246,1.79,6
cruel,92,0.095112285,1.67,0.569204152,2.65,0.351158645,2.84,15
coarse,690,0.435931308,1.42,0.314878893,1.84,0.486631016,1.43,10
crushed,93,0.12681638,1.74,0.541522491,2.87,0.1942959,2.69,10
coast,691,0.624834875,1.86,0.380622837,2.31,0.606060606,1.71,61
crutch,708,0.287978864,1.62,0.302768166,2.05,0.292335116,1.79,1
cockroach,75,0.206076618,2.11,0.643598616,2.78,0.440285205,2.58,2
cuddle,94,0.854689564,1.92,0.347750865,2.67,0.638146168,2.42,.
coffin,76,0.173051519,1.96,0.456747405,2.79,0.322638146,2.54,7
cuisine,709,0.712021136,1.48,0.346020761,1.99,0.559714795,1.19,1
coin,692,0.63011889,1.96,0.328719723,2.48,0.604278075,1.68,10
curious,95,0.638044914,1.63,0.593425606,1.64,0.561497326,1.6,46
cold,693,0.365918098,1.99,0.484429066,2.23,0.431372549,1.73,171
curtains,710,0.472919419,0.83,0.221453287,1.83,0.495543672,1.56,8
color,694,0.762219287,1.57,0.404844291,2.64,0.695187166,1.82,141
custom,96,0.607661823,1.53,0.392733564,2.12,0.486631016,1.87,14
column,695,0.517833554,0.85,0.212802768,1.91,0.452762923,1.58,71
cut,711,0.315719947,2.08,0.451557093,2.32,0.43315508,1.98,192
comedy,77,0.940554822,0.94,0.598615917,2.81,0.565062389,2.08,39
cute,97,0.841479524,1.01,0.543252595,2.71,0.461675579,2.32,5
comfort,696,0.768824306,2.14,0.266435986,2.85,0.6114082,2.05,43
cyclone,98,0.310435931,2.38,0.686851211,2.89,0.467023173,2.56,.
computer,552,0.659180978,1.61,0.408304498,1.93,0.538324421,1.99,13
dagger,99,0.281373844,1.77,0.648788927,2.64,0.401069519,2.27,1
concentrate,78,0.521796565,1.28,0.39100346,2.13,0.481283422,1.75,11
damage,712,0.237780713,1.65,0.55017301,2.26,0.286987522,1.86,33
confident,79,0.889035667,1.29,0.662629758,2.41,0.964349376,1.94,16
dancer,507,0.778071334,1.56,0.624567474,2.2,0.668449198,1.93,31
confused,80,0.258916777,1.51,0.629757785,1.88,0.351158645,1.91,44
danger,713,0.224570674,2.22,0.852941176,2.07,0.235294118,2.31,70
consoled,81,0.598414795,1.64,0.370242215,2.22,0.386809269,1.84,2
dark,714,0.457067371,2.36,0.326989619,2.21,0.458110517,2.15,185
contempt,82,0.34346103,2.13,0.5,2.04,0.509803922,1.73,15
dawn,715,0.648612946,2.33,0.346020761,2.81,0.515151515,2.23,28
contents,83,0.480845443,0.89,0.333910035,2.14,0.459893048,1.49,16
daylight,716,0.733157199,2.17,0.411764706,2.5,0.572192513,2.14,15
context,84,0.521796565,1.38,0.316608997,2.24,0.516934046,1.39,2
dazzle,717,0.797886394,1.09,0.6816609,2.02,0.59714795,1.81,1
controlling,85,0.336856011,2.25,0.641868512,2.19,0.516934046,3.15,23
dead,588,0.091149273,1.76,0.577854671,2.73,0.101604278,2.32,174
cook,697,0.648612946,1.89,0.35467128,1.96,0.511586453,1.49,47
death,100,0.047556143,1.4,0.380622837,3.07,0.213903743,2.5,277
cord,698,0.508586526,1.09,0.198961938,2.09,0.486631016,1.22,6
debt,101,0.128137384,1.17,0.569204152,2.74,0.13368984,2.16,13
cork,699,0.524438573,1.13,0.243944637,2.18,0.483065954,1.04,9
deceit,718,0.217965654,1.63,0.569204152,2.46,0.299465241,2.12,2
corner,700,0.410832232,1.21,0.262975779,1.92,0.329768271,1.66,115
decompose,102,0.257595773,1.81,0.39100346,2.39,0.311942959,1.91,1
corpse,86,0.122853369,1.48,0.406574394,2.94,0.235294118,2.44,7
decorate,719,0.750330251,1.3,0.475778547,2.39,0.673796791,1.86,2
corridor,701,0.479524439,1.14,0.214532872,2.41,0.486631016,1.48,17
defeated,103,0.143989432,1.66,0.467128028,3,0.14973262,2.34,15
corrupt,702,0.27344782,2.32,0.394463668,2.35,0.422459893,2.3,8
defiant,104,0.397622193,2.12,0.641868512,2.51,0.623885918,2.4,3
cottage,87,0.686922061,1.52,0.173010381,2.54,0.556149733,1.78,19
deformed,720,0.15323646,1.66,0.290657439,2.34,0.299465241,2.18,.
couple,506,0.813738441,1.97,0.692041522,2.31,0.668449198,2.28,122
delayed,721,0.240422721,1.74,0.558823529,2.39,0.244206774,1.94,25
cow,554,0.570673712,1.53,0.190311419,2.13,0.543672014,1.61,29
delight,105,0.926023778,1.04,0.527681661,2.88,0.62745098,2.24,29
coward,703,0.19682959,1.64,0.290657439,2.19,0.099821747,1.61,8
demon,106,0.113606341,1.56,0.756055363,2.68,0.467023173,2.89,9
dentist,589,0.365918098,2.23,0.577854671,2.13,0.272727273,2.16,12
dreadful,131,0.1334214,1.91,0.596885813,2.62,0.326203209,2.36,10
depressed,107,0.07661823,1.42,0.403114187,2.95,0.083778966,2.13,11
dream,132,0.723910172,1.75,0.370242215,2.72,0.581105169,1.98,64
depression,108,0.079260238,1.67,0.371972318,3.19,0.114081996,2.27,24
dreary,731,0.237780713,1.58,0.102076125,2.18,0.274509804,1.64,6
derelict,722,0.400264201,1.84,0.295847751,1.94,0.44741533,1.56,1
dress,133,0.681638045,1.34,0.287197232,1.89,0.486631016,1.89,67
deserter,109,0.158520476,1.8,0.538062284,2.55,0.267379679,2.29,.
drown,591,0.088507266,1.48,0.723183391,2.33,0.10516934,1.99,3
desire,508,0.850726552,1.39,0.858131488,1.76,0.752228164,1.83,79
dummy,732,0.281373844,1.7,0.339100346,2.25,0.249554367,2.02,3
despairing,110,0.155878468,1.47,0.569204152,2.37,0.206773619,2.11,4
dump,733,0.258916777,1.87,0.299307958,2.36,0.278074866,1.87,4
despise,111,0.103038309,1.38,0.673010381,2.43,0.436720143,2.8,7
dustpan,555,0.360634082,1.68,0.179930796,2,0.56684492,1.81,.
destroy,112,0.183619551,2.03,0.76816609,2.38,0.475935829,2.86,48
earth,134,0.779392338,1.67,0.320069204,2.49,0.595365419,2.3,150
destruction,723,0.252311757,2.44,0.593425606,2.71,0.295900178,2.29,38
easy,734,0.772787318,1.91,0.361591696,2.82,0.843137255,1.63,125
detached,113,0.344782034,1.88,0.323529412,2.57,0.242424242,2.15,12
easygoing,135,0.785997358,1.5,0.330449827,2.52,0.531194296,1.75,1
detail,724,0.568031704,1.58,0.295847751,2.24,0.524064171,1.6,72
eat,136,0.821664465,1.73,0.570934256,2.51,0.593582888,2.12,61
detest,114,0.121532365,1.3,0.634948097,2.39,0.634581105,2.6,1
ecstasy,735,0.889035667,1.52,0.863321799,1.92,0.786096257,2.08,6
devil,115,0.12681638,1.99,0.636678201,2.61,0.549019608,2.75,25
education,137,0.718626156,1.77,0.579584775,2.46,0.691622103,2.35,214
devoted,116,0.813738441,1.37,0.491349481,2.21,0.696969697,2.36,51
egg,736,0.533685601,1.82,0.237024221,2.39,0.395721925,2.16,12
diamond,117,0.881109643,1.2,0.543252595,2.96,0.582887701,2.28,8
elated,138,0.819022457,1.77,0.660899654,2.3,0.581105169,2.35,3
dignified,118,0.772787318,1.26,0.299307958,2.29,0.68627451,2.4,7
elbow,737,0.511228534,0.92,0.24567474,2.14,0.465240642,1.52,10
dinner,509,0.780713342,1.5,0.525951557,2.14,0.682709447,1.87,91
elegant,139,0.816380449,1.26,0.370242215,2.65,0.65597148,2.09,14
diploma,119,0.891677675,1.39,0.567474048,2.8,0.800356506,2.5,.
elevator,738,0.553500661,1.18,0.306228374,1.99,0.365418895,1.69,12
dirt,725,0.385733157,1.77,0.237024221,2.26,0.456327986,1.82,43
embarrassed,140,0.235138705,1.85,0.602076125,2.55,0.106951872,1.99,8
dirty,590,0.241743725,2.05,0.430795848,2.29,0.43315508,2.12,36
embattled,141,0.414795244,1.63,0.51384083,2.37,0.452762923,1.79,1
disappoint,120,0.150594452,1.44,0.437716263,2.64,0.181818182,2.32,.
employment,147,0.689564069,1.81,0.5,2.12,0.616755793,2.08,47
disaster,121,0.06340819,1.13,0.6816609,2.7,0.222816399,2.42,26
engaged,143,0.891677675,1.38,0.757785467,2.07,0.752228164,2.22,47
discomfort,726,0.124174373,1.23,0.307958478,2.44,0.28342246,2.26,7
engine,148,0.521796565,1.18,0.275086505,2.33,0.486631016,1.77,50
discouraged,122,0.231175694,2.16,0.370242215,2.11,0.23885918,2.01,15
enjoyment,145,0.865257596,1.2,0.48615917,2.72,0.74688057,1.77,21
disdainful,123,0.321003963,1.9,0.458477509,2.14,0.406417112,1.92,2
ennui,146,0.507265522,1.76,0.347750865,2.33,0.427807487,1.8,.
disgusted,124,0.158520476,1.41,0.524221453,2.59,0.368983957,1.94,6
enraged,149,0.15984148,1.65,0.965397924,2.17,0.723707665,2.92,1
disloyal,125,0.089828269,1.61,0.721453287,2.21,0.270944742,2.75,2
erotic,512,0.816380449,1.53,0.839100346,1.97,0.734402852,2.16,8
displeased,126,0.20343461,2.23,0.562283737,2.48,0.342245989,2.19,7
errand,150,0.43989432,1.74,0.252595156,1.92,0.44741533,1.51,7
distressed,127,0.091149273,1.1,0.693771626,2.38,0.265597148,2.41,4
event,740,0.655217966,1.63,0.468858131,2.4,0.579322638,1.57,81
disturb,727,0.318361955,2,0.589965398,2.39,0.406417112,1.9,10
evil,741,0.261558785,2.64,0.692041522,2.44,0.531194296,2.6,72
diver,510,0.686922061,1.55,0.458477509,2.1,0.493761141,1.91,1
excellence,151,0.941875826,0.96,0.544982699,2.67,0.893048128,2.32,15
divorce,128,0.128137384,1.88,0.6816609,2.71,0.176470588,2.24,29
excitement,152,0.825627477,2.2,0.91349481,1.91,0.696969697,2.17,32
doctor,129,0.521796565,2.54,0.600346021,2.7,0.467023173,2.75,100
excuse,153,0.36988111,1.41,0.361591696,2.29,0.320855615,2.1,27
dog,511,0.834874505,1.66,0.583044983,2.5,0.709447415,2.1,75
execution,154,0.147952444,2.06,0.574394464,2.74,0.32798574,2.66,15
doll,728,0.639365918,1.96,0.320069204,2.43,0.417112299,2.07,10
exercise,155,0.77675033,1.58,0.769896194,2.06,0.607843137,2.44,58
dollar,729,0.821664465,1.72,0.636678201,2.67,0.723707665,2.42,46
fabric,742,0.535006605,1.2,0.302768166,1.98,0.49197861,1.61,15
door,130,0.512549538,1.44,0.243944637,2.29,0.431372549,1.72,312
face,556,0.678996037,1.6,0.458477509,2.18,0.606060606,1.58,371
dove,730,0.746367239,1.54,0.242214533,2.28,0.572192513,1.7,4
failure,156,0.059445178,1.07,0.442906574,2.81,0.023172906,2.18,89
fall,743,0.375165125,2.21,0.399653979,2.48,0.308377897,2.15,147
friend,174,0.857331572,1.24,0.579584775,2.57,0.796791444,1.89,133
FALSE,744,0.266842801,1.4,0.179930796,2.09,0.326203209,1.56,29
friendly,175,0.948480845,1.08,0.470588235,2.96,0.650623886,2.42,61
fame,157,0.882430647,1.29,0.719723183,2.46,0.816399287,2.14,18
frigid,758,0.297225892,1.85,0.408304498,2.56,0.356506239,1.98,5
family,158,0.845442536,1.55,0.416955017,2.71,0.664884135,1.87,331
frog,176,0.589167768,1.74,0.371972318,2.03,0.547237077,1.96,1
famous,745,0.756935271,2.07,0.577854671,2.68,0.721925134,2.18,89
frustrated,177,0.162483487,1.64,0.557093426,2.76,0.219251337,2.12,10
fantasy,746,0.813738441,1.9,0.475778547,2.82,0.741532977,2.05,14
fun,759,0.940554822,1.11,0.835640138,2.01,0.807486631,1.85,44
farm,557,0.565389696,1.85,0.261245675,1.95,0.591800357,1.81,125
funeral,178,0.018494055,0.87,0.441176471,3.21,0.124777184,2.55,33
fascinate,159,0.804491413,1.68,0.595155709,2.73,0.691622103,1.89,3
fungus,179,0.239101717,1.75,0.396193772,2.33,0.319073084,1.94,2
fat,160,0.136063408,1.92,0.418685121,2.8,0.392156863,3.06,60
fur,180,0.430647292,1.88,0.309688581,2.44,0.365418895,1.97,13
father,161,0.77014531,2.2,0.610726644,2.6,0.598930481,2.89,383
game,760,0.756935271,1.97,0.605536332,2.37,0.6114082,1.65,123
fatigued,162,0.268163804,1.43,0.043252595,2.19,0.26916221,1.97,3
gangrene,181,0.136063408,1.91,0.57266436,2.96,0.1942959,2.34,.
fault,747,0.287978864,1.38,0.290657439,1.69,0.311942959,1.66,22
garbage,182,0.228533686,1.96,0.458477509,2.5,0.351158645,2.02,7
favor,748,0.688243065,1.52,0.371972318,1.86,0.606060606,1.76,78
garden,761,0.721268164,1.74,0.346020761,2.35,0.668449198,1.71,60
fear,592,0.199471598,2.12,0.790657439,2.17,0.169340463,2.2,127
garment,762,0.63672391,1.61,0.363321799,2.5,0.540106952,1.96,6
fearful,163,0.132100396,1.18,0.6816609,2.28,0.244206774,2.18,13
garter,534,0.65653897,1.59,0.532871972,2.15,0.632798574,1.62,2
feeble,164,0.265521797,1.47,0.295847751,2.07,0.078431373,1.64,8
gender,763,0.591809775,1.55,0.344290657,2.13,0.593582888,1.84,2
festive,749,0.799207398,2.26,0.724913495,2.29,0.623885918,2.34,2
gentle,183,0.800528402,1.3,0.141868512,2.57,0.504456328,2.16,27
fever,750,0.199471598,1.64,0.328719723,2.31,0.222816399,2.15,19
germs,764,0.212681638,1.39,0.363321799,2.24,0.270944742,1.59,1
field,558,0.653896962,1.37,0.292387543,2.41,0.636363636,1.94,274
gift,184,0.861294584,2.24,0.648788927,2.76,0.579322638,2.54,33
fight,751,0.331571995,2.63,0.823529412,2.19,0.534759358,2.69,98
girl,185,0.742404227,1.64,0.328719723,2.69,0.629233512,2.16,220
filth,165,0.161162483,1.68,0.472318339,2.32,0.274509804,2.06,2
glacier,186,0.561426684,1.25,0.320069204,2.29,0.472370766,2.12,1
finger,752,0.533685601,1.42,0.240484429,2.42,0.495543672,1.7,40
glamour,187,0.727873184,1.6,0.396193772,2.23,0.622103387,2.49,5
fire,166,0.260237781,2.06,0.826989619,2.06,0.395721925,2.49,187
glass,765,0.462351387,1.38,0.325259516,2.07,0.486631016,1.46,99
fireworks,513,0.832232497,1.5,0.740484429,2.12,0.577540107,1.98,5
gloom,188,0.08322325,1.23,0.249134948,2.33,0.228163993,2.07,14
fish,559,0.632760898,1.94,0.278546713,2.19,0.668449198,1.68,35
glory,189,0.832232497,1.68,0.628027682,2.71,0.816399287,2.23,21
flabby,167,0.186261559,1.87,0.420415225,2.81,0.185383244,1.9,.
god,190,0.911492734,1.27,0.615916955,2.84,0.643493761,2.89,318
flag,753,0.63011889,1.66,0.382352941,2.35,0.575757576,1.66,16
gold,191,0.830911493,1.63,0.583044983,2.79,0.638146168,2.46,52
flirt,754,0.828269485,1.19,0.78200692,1.69,0.707664884,2.33,1
golfer,535,0.575957728,1.93,0.23183391,2.26,0.584670232,1.79,3
flood,755,0.256274769,1.66,0.624567474,2.02,0.172905526,2.14,19
good,766,0.821664465,1.45,0.525951557,2.85,0.737967914,2.05,807
flower,168,0.712021136,1.78,0.278546713,2.44,0.483065954,2.17,23
gossip,767,0.294583884,2.33,0.579584775,2.38,0.231729055,2.26,13
foam,756,0.63672391,2.03,0.496539792,2.54,0.529411765,1.97,37
graduate,192,0.91677675,1.13,0.84083045,2.25,0.832442068,2.44,30
food,514,0.845442536,1.37,0.610726644,2.11,0.696969697,2.48,147
grass,768,0.64332893,1.44,0.302768166,2.11,0.565062389,1.36,53
foot,757,0.498018494,0.93,0.152249135,1.98,0.483065954,1.42,70
grateful,193,0.808454425,0.97,0.378892734,2.14,0.696969697,1.77,25
fork,560,0.533685601,0.97,0.271626298,1.94,0.618538324,1.52,14
greed,769,0.298546896,1.93,0.401384083,2.26,0.465240642,2.03,3
foul,169,0.206076618,1.52,0.439446367,2.23,0.399286988,1.89,4
green,194,0.651254954,2.05,0.326989619,2.46,0.454545455,2.05,116
fragrance,170,0.63672391,1.97,0.415224913,2.54,0.511586453,1.91,6
greet,770,0.759577279,1.52,0.498269896,2.31,0.65597148,2.07,7
fraud,171,0.187582563,1.66,0.581314879,2.45,0.233511586,2.5,8
grenade,771,0.310435931,1.88,0.57266436,2.52,0.360071301,2.5,3
free,172,0.926023778,1.31,0.477508651,3.04,0.727272727,2.4,260
grief,195,0.058124174,1.04,0.41349481,2.84,0.219251337,2.35,10
freedom,173,0.836195509,2.04,0.541522491,2.72,0.800356506,2.29,128
grime,772,0.28005284,1.34,0.275086505,2.29,0.392156863,1.28,.